{"cameraMode":{"drawMode":0,"name":"Shaded","section":"Shading Mode"},"sceneLighting":true,"audioPlay":false,"sceneViewState":{"m_AlwaysRefresh":false,"showFog":true,"showSkybox":true,"showFlares":true,"showImageEffects":true,"showParticleSystems":true,"showVisualEffectGraphs":true,"m_FxEnabled":true},"in2DMode":false,"pivot":{"x":1.1039927005767823,"y":-6.784572601318359,"z":8.107939720153809},"rotation":{"x":-0.004327552858740091,"y":0.7810987830162048,"z":-0.6249679923057556,"w":-0.005383246578276157},"size":13.804941177368164,"orthographic":false}